,Question
0,Was Alessandro Volta a professor of chemistry?
1,Was Alessandro Volta a professor of chemistry?
2,Did Alessandro Volta invent the remotely operated pistol?
3,Did Alessandro Volta invent the remotely operated pistol?
4,Was Alessandro Volta taught in public schools?
5,Was Alessandro Volta taught in public schools?
6,Who did Alessandro Volta marry?
7,Who did Alessandro Volta marry?
8,What did Alessandro Volta invent in 1800?
9,What is the battery made by Alessandro Volta credited as?
10,What is the battery made by Alessandro Volta credited as?
11,Did Alessandro Volta die and retire in the same place?
12,Did Alessandro Volta die and retire in the same place?
13,When did Alessandro Volta improve  and popularize the electrophorus?
14,When did Alessandro Volta improve  and popularize the electrophorus?
15,How long was Alessandro Volta a professor at the University of Pavia?
16,How long was Alessandro Volta a professor at the University of Pavia?
17,Was Alessandro Volta an Egyptian?
18,Was Alessandro Volta an Egyptian?
19,Was Volta taught in public schools?
20,Was Volta taught in public schools?
21,Was Volta made a count in 1810?
22,Was Volta made a count in 1810?
23,Who made Volta a count?
24,Who made Volta a count?
25,Where was Volta born?
26,When did Volta retire?
27,When did Volta retire?
28,Was Volta buried where he died or was he buried someplace else?
29,Was Volta buried where he died or was he buried someplace else?
30,Did Volta marry before he became professor of experimental physics at the University of Pavia?
31,Did Volta marry before he became professor of experimental physics at the University of Pavia?
32,What happened in 1810?
33,Was Alessandro Volta born in Como?
34,Who became a professor of physics at the Royal School in Como?
35,When was Volta made a count by Napoleon?
36,Is Voltas legacy celebrated by a Temple on the shore of Lake Como in the center of the town?
37,Is the battery made by Volta credited as the first electrochemical cell?
38,In what year did he become a professor of physics at the Royal School in Como?
39,Was Avogadro a  professor at the University of Turin?
40,Was he a member of the Royal Superior Council on Public Instruction?
41,Is Avogadro's number used to compute the results of chemical reactions?
42,Who first calculated the value of Avogadro's number?
43,Who first calculated the value of Avogadro's number?
44,What does Avogadro's Law state?
45,What does Avogadro's Law state?
46,Who showed that Avogadro's theory held in dilute solutions?
47,Who showed that Avogadro's theory held in dilute solutions?
48,In what language was his 1811 paper published?
49,In what language was his 1811 paper published?
50,Who was Avogadro's wife?
51,Who was Avogadro's wife?
52,Why did Avogadro lose his chair at the University of Turin?
53,Why did Avogadro lose his chair at the University of Turin?
54,Was Amedeo Avogadro was born in Turin?
55,Was Amedeo Avogadro was born in Turin?
56,Is Avogadro hailed as a founder of the atomic-molecular theory?
57,Is Avogadro hailed as a founder of the atomic-molecular theory?
58,Did Johann Josef Loschmidt first calculate the value of Avogadro's number?
59,Did Johann Josef Loschmidt first calculate the value of Avogadro's number?
60,Avogadro did not actually use what word?
61,Avogadro did not actually use what word?
62,The number of elementary entities in 1 mole of a substance is known as what?
63,The number of elementary entities in 1 mole of a substance is known as what?
64,What would a German call Avogadro's number?
65,What would a German call Avogadro's number?
66,Is Amedeo Avogadro Italian?
67,Is Amedeo Avogadro Italian?
68,Did he become a professor before the revolutionary movements against the king of Sardinia?
69,Did he become a professor before the revolutionary movements against the king of Sardinia?
70,Do ants belong to the Hymenoptera order?
71,Do ants belong to the Hymenoptera order?
72,Are ants used in cuisine?
73,Are ants used in cuisine?
74,Does an ant's head contain sensory organs?
75,Does an ant's head contain sensory organs?
76,How do most ants travel?
77,How do most ants travel?
78,Who wrote about ants in A Tramp Abroad?
79,Who wrote about ants in A Tramp Abroad?
80,What organs gives a bull ant its good sight?
81,What may happen to red fire ants if we use boiling water on the queen?
82,What may happen to red fire ants if we use boiling water on the queen?
83,Are ants found in Antartica?
84,Do male ants take flight before females?
85,Do worker ants have wings?
86,What are the three segments of an ant?
87,What are the ant colonies that lack queens called?
88,What are the ant colonies that lack queens called?
89,Where are bullet ants located?
90,Where are bullet ants located?
91,Do ants belong to the same order as bees?
92,What is the most common color of ants?
93,What is the most common color of ants?
94,Do all ants build nests?
95,Ultraviolet vision was first discovered in ants by Sir who in 1881?
96,Do ants thrive in most ecosystems?
97,Are several species of ants able to use the Earths magnetic field?
98,Do some caterpillars produce vibrations as well as sounds?
99,Did ants evolve from wasp-like ancestors in the mid-Cretaceous period between 110 and 130 million years ago and diversified after the rise of flowering plants?
100,Is the ant a marsupial?
101,Is Antwerp a city?
102,Is Antwerp a city?
103,Is Antwerp a municipality?
104,Is Antwerp a municipality?
105,Is Antwerp in Belgium?
106,Is Antwerp in Belgium?
107,What is Antwerp?
108,What is Antwerp?
109,What is the population of the city of Antwerp?
110,Where is the city of Antwerp?
111,Where is the city of Antwerp?
112,Why is Antwerp important to fashion?
113,Why is Antwerp important to fashion?
114,Antwerp is to the east of what river?
115,Antwerp is to the east of what river?
116,How many municipalities does Antwerp have?
117,Is Arabic a Central Semitic language?
118,Is Arabic a Central Semitic language?
119,Was Arabic a major vehicle of culture in Europe?
120,Was Arabic a major vehicle of culture in Europe?
121,Is Arabic classified alongside Semitic languages?
122,Is Arabic classified alongside Semitic languages?
123,How many people speak the Arabic language?
124,How many people speak the Arabic language?
125,When was Arabic calligraphy invented?
126,When was Arabic calligraphy invented?
127,Where is Arabic spoken?
128,Where is Arabic spoken?
129,Why is Arabic related to Islam?
130,Why is Arabic related to Islam?
131,Why does Arabic heavily influence European languages?
132,"How do you say ""black"" in Arabic?"
133,Is Arabic the largest member of the Semitic language family?
134,Is Arabic the largest member of the Semitic language family?
135,Does Modern Standard Arabic continue to evolve like other languages?
136,Does Modern Standard Arabic continue to evolve like other languages?
137,Is Hassaniya Arabic spoken in Mauritania?
138,Is Hassaniya Arabic spoken in Mauritania?
139,What is the only variety of modern Arabic that has acquired official language status?
140,What is the only variety of modern Arabic that has acquired official language status?
141,Egyptian Arabic is spoken by how many in Egypt?
142,Egyptian Arabic is spoken by how many in Egypt?
143,Where are the Western Arabic numerals used?
144,Where are the Western Arabic numerals used?
145,The most active Academies of Arabic Language are found where?
146,Hassan Massoudy is a master of what genre?
147,Hassan Massoudy is a master of what genre?
148,Is Berlin the capital city of Germany?
149,Is Berlin the capital city of Germany?
150,Is Berlin the largest city in Germany?
151,Is Berlin the largest city in Germany?
152,Is Schloss Charlottenburg the largest existing palace in Berlin?
153,Is Schloss Charlottenburg the largest existing palace in Berlin?
154,Which building is the site of the German parliament?
155,Which building is the site of the German parliament?
156,Which two sports events did the Olympiastadion host?
157,Which two sports events did the Olympiastadion host?
158,Where is the Berliner Dom located?
159,Where is the Berliner Dom located?
160,Which Berlin building did architect Norman Foster remodel in the 1990s?
161,Which Berlin building did architect Norman Foster remodel in the 1990s?
162,What are the names of the two zoos in Berlin?
163,What are the names of the two zoos in Berlin?
164,Is Berlin the headquarters of Springer?
165,Does the Gendarmenmarkt border the French Cathedral?
166,Is the Nauen plain north of Berlin?
167,Where is the bust of Queen Nefertiti?
168,Where is the bust of Queen Nefertiti?
169,Where does the German President live?
170,When did Berlin give up its status as a free Hanseatic city?
171,When did Berlin give up its status as a free Hanseatic city?
172,Which is the busiest airport in Berlin?
173,Which is the busiest airport in Berlin?
174,How many occupation zones was Germany divided into after the war?
175,How many occupation zones was Germany divided into after the war?
176,Where was Popkomm held before moving to Berlin?
177,Where was Popkomm held before moving to Berlin?
178,Who was Blaise Pascal's father?
179,Was Pascal a French mathematician?
180,Was Pascal a French mathematician?
181,Did Pascal have poor health throughout his life?
182,Did Pascal have poor health throughout his life?
183,How old was Pascal when he lost his mother?
184,How old was Pascal when he lost his mother?
185,Who was Pascal's younger sister?
186,Who was Pascal's younger sister?
187,What led Pascal to his religious conversion?
188,What led Pascal to his religious conversion?
189,How old was Pascal when he died?
190,How old was Pascal when he died?
191,Did Pascal write about cycloid before 1658?
192,Is there a programming language called Pascal?
193,Is there a programming language called Pascal?
194,Crowds of believers came to see and kiss the thorn; all of Catholic where acclaimed a miracle?
195,Who died the next morning?
196,When did his father die?
197,When did his father die?
198,Did Pascal also write in defense of the scientific method?
199,Do butterflies make sounds?
200,Do butterflies make sounds?
201,Do butterflies have two eyes?
202,Does a black moth mean that someone has died?
203,Does a black moth mean that someone has died?
204,What is the outer layer of the cuticle made of?
205,What is the outer layer of the cuticle made of?
206,Where was there a vast swarm of butterflies?
207,Where was there a vast swarm of butterflies?
208,What butterfly is migratory?
209,What butterfly is migratory?
210,Do butterflies carry more pollen than Hymenoptera?
211,What allows the butterfly to evade predators?
212,What allows the butterfly to evade predators?
213,What happens if a wing is removed?
214,What happens if a wing is removed?
215,
216,
217,
218,
219,
220,
221,
222,
223,
224,Was Charles-Augustin de Coulomb a Spanish Biologist?
225,Was the SI unit of charge named after Charles-Augustin de Coulomb?
226,Was Charles-Augustin de Coulomb ever employed at La Rochelle?
227,What is Charles-Augustin de Coulomb best known for?
228,What is Charles-Augustin de Coulomb best known for?
229,Whose ideas inspired Charles-Augustin de Coulomb's experiments on the resistance of masonries?
230,Whose ideas inspired Charles-Augustin de Coulomb's experiments on the resistance of masonries?
231,When did Charles-Augustin de Coulomb join his father's family in Montpeillier?
232,Did Charles-Augustin de Coulomb come from a poor family?
233,What is Coulomb's law?
234,What is Coulomb's law?
235,Where is Coll�ge des Quatre-Nations located?
236,Where is Coll�ge des Quatre-Nations located?
237,What happened in 1785?
238,What happened in 1757 to 1759?
239,Who determined to pursue mathematics?
240,When did Coulomb return to Paris?
241,Does Coulomb leave a legacy as a pioneer in the field of geotechnical engineering for his contribution to retaining wall design?
242,Did the family move to Paris as well as there Coulomb studied at the prestigious Collge des Quatre-Nations?
243,Are all spoken varieties of Chinese tonal and analytical?
244,Are all spoken varieties of Chinese tonal and analytical?
245,Is fifty percent or more of Korean vocabulary of Chinese origin?
246,Is fifty percent or more of Korean vocabulary of Chinese origin?
247,"Does ""ketchup"" come from the Minnan pronunciation of &#39853;&#27713; (koe-tsiap)?"
248,"Does ""ketchup"" come from the Minnan pronunciation of &#39853;&#27713; (koe-tsiap)?"
249,What is the most common romanization standard for Standard Mandarin today?
250,What is the most common romanization standard for Standard Mandarin today?
251,What does the PRC government classify as literacy amongst workers?
252,How is South China linguistically different from North China?
253,&#20415;&#24403;/&#20415;&#30070; �lunchbox or boxed lunch� (from bento) and &#26009;&#29702; �prepared cuisine� are loan words from which language?
254,&#20415;&#24403;/&#20415;&#30070; �lunchbox or boxed lunch� (from bento) and &#26009;&#29702; �prepared cuisine� are loan words from which language?
255,What is the standardized form of spoken chinese?
256,What is the standardized form of spoken chinese?
257,When did classical Chinese literature begin?
258,When did classical Chinese literature begin?
259,How does the government of the People's Republic of China often refer to all divisions of the Sinitic language(s) besides Standard Mandarin?
260,When was Middle Chinese used?
261,How is the pronunciation of foreign words determined?
262,How is the pronunciation of foreign words determined?
263,What language was used in the Zhou and Southern Dynasties?
264,Is a cougar also known as a mountain lion?
265,Is a cougar also known as a mountain lion?
266,Are cougars larger than jaguars?
267,Are cougars larger than jaguars?
268,"Does the World Conservation Union consider the cougar a ""least concern"" species?"
269,"Does the World Conservation Union consider the cougar a ""least concern"" species?"
270,How long are cougar adult males (from nose to tail)?
271,How long are cougar adult males (from nose to tail)?
272,How long is an adult cougar's paw print?
273,How long is an adult cougar's paw print?
274,Is one of the parts of a cymbal called a disc?
275,Is one of the parts of a cymbal called a disc?
276,Are ride cymbals very common?
277,Are ride cymbals very common?
278,Does Fender make cymbals?
279,Does Fender make cymbals?
280,What part of the cymbal is the bell?
281,What part of the cymbal is the bell?
282,What's the timber of ancient cimbals like? disfluent
283,What's the timber of ancient cimbals like? disfluent
284,What does it sound like to play cymbals with a cello bow?
285,What does it sound like to play cymbals with a cello bow?
286,What are cymbals made of?
287,What are cymbals made of?
288,How many cymbals typically go in a drum kit?
289,How many cymbals typically go in a drum kit?
290,What kinds of musical groups use cymbals?
291,
292,
293,
294,
295,
296,
297,
298,
299,
300,Are dragonflies capable of walking?
301,Are dragonflies capable of walking?
302,Do dragonfly nymphs ever hunt on land?
303,Do dragonfly nymphs ever hunt on land?
304,Do dragonflies spend most of their lives in their adult form?
305,Do dragonflies spend most of their lives in their adult form?
306,What are dragonfly larvae known as?
307,What are dragonfly larvae known as?
308,On what continent have dragonflies often been seen as sinister?
309,On what continent have dragonflies often been seen as sinister?
310,In how many directions can the adult dragonfly propel itself?
311,In how many directions can the adult dragonfly propel itself?
312,What is the hobby of seeking out dragonflies and damselflies called?
313,What is the hobby of seeking out dragonflies and damselflies called?
314,In what country are dragonflies used as a food source?
315,In what country are dragonflies used as a food source?
316,Which culture has a legend that claims that trolls sent dragonflies to poke out their enemies' eyes?
317,Which culture has a legend that claims that trolls sent dragonflies to poke out their enemies' eyes?
318,Is the dragonfly associated with late summer as well as early autumn?
319,Does Exposure to air cause the larva to begin breathing?
320,Is the drum a member of the percussion group?
321,Is the drum a member of the percussion group?
322,Does each type of drum head serve its own musical purpose?
323,Does each type of drum head serve its own musical purpose?
324,Is the Aburukuwa a type of drum?
325,Is the Aburukuwa a type of drum?
326,How long has the basic design of the drum remained unchanged?
327,How long has the basic design of the drum remained unchanged?
328,What is the second biggest factor affecting the sound produced by a drum?
329,What is the second biggest factor affecting the sound produced by a drum?
330,By what name are drums classified as under the percussion group?
331,By what name are drums classified as under the percussion group?
332,How do rock and roll drummers like their drumheads?
333,How do rock and roll drummers like their drumheads?
334,Whare is the name for drums that have a S10_set of wires held across some of all of the drum heads?
335,Had the drums been used in Sri Lanka since Before Christ?
336,Had the drums been used in Sri Lanka since Before Christ?
337,Is the drum a member of the percussion group?
338,Is the drum a member of the percussion group?
339,Are drums often used in music therapy?
340,Are drums often used in music therapy?
341,Do drums consist of at least eight membranes?
342,Do drums consist of at least eight membranes?
343,What has the most effect on how a drum sounds?
344,What has the most effect on how a drum sounds?
345,Who constructed a kit using diatonic and chromatically tuned drums?
346,Who constructed a kit using diatonic and chromatically tuned drums?
347,Drums are usually played by what?
348,Has the design of drums changed recently?
349,Has the design of drums changed recently?
350,Can some cylindrical shell drums have no drum heads?
351,Can some cylindrical shell drums have no drum heads?
352,Does every drumhead make the same sound?
353,Does every drumhead make the same sound?
354,Aren't drums usually played by the hands?
355,Are drums usually played by the hands?
356,Do many such drums have six to ten tension rods?
357,Is the electric eel a true eel?
358,Are most eels predators?
359,Is eel blood toxic to humans?
360,How many species of true eels are there?
361,How many species of true eels are there?
362,What types of fins do eels have?
363,What do leptocephali eat?
364,What do leptocephali eat?
365,Do all eels live in fresh water?
366,Is Finnish an official language of the European Union?
367,Are the dialects of Finnish divided into two groups?
368,Is Finnish threatened by English?
369,When did Proto-Uralic language arrive in Finland?
370,When did Proto-Uralic language arrive in Finland?
371,What are characteristic features of Finnish?
372,What are characteristic features of Finnish?
373,Where is the Kven language spoken?
374,Where is the Kven language spoken?
375,For how long has the classification of dialects spoken outside of Finland been a controversial issue?
376,For how long has the classification of dialects spoken outside of Finland been a controversial issue?
377,Who wrote the first novel in Finnish?
378,Who wrote the first novel in Finnish?
379,What book defined the official Finnish language?
380,What book defined the official Finnish language?
381,What is the earliest extant transverse flute?
382,What is the earliest extant transverse flute?
383,When does a flute produce sound?
384,When does a flute produce sound?
385,How can a flute's volume be increased?
386,How can a flute's volume be increased?
387,Do open-ended flutes have brighter timbres?
388,Do open-ended flutes have brighter timbres?
389,Where was the oldest flute ever discovered found?
390,Where was the oldest flute ever discovered found?
391,Are Western flutes simpler than Indian flutes?
392,Are Western flutes simpler than Indian flutes?
393,Why is a police whistle very wide for its pitch?
394,Why is a police whistle very wide for its pitch?
395,What are the two main varieties of Indian flutes?
396,Has the flute been dated to prehistoric times?
397,Has the flute been dated to prehistoric times?
398,Was the pan flute used in Greece?
399,Was the pan flute used in Greece?
400,Can a flute be played with several different air sources?
401,Can a flute be played with several different air sources?
402,When was the pan flute used in Greece?
403,When was the pan flute used in Greece?
404,When did concert flutes begin appearing in concert ensembles?
405,When did concert flutes begin appearing in concert ensembles?
406,How many main varieties of Indian flutes are currently used?
407,How many main varieties of Indian flutes are currently used?
408,What material is a chi flute fashioned from?
409,What material is a chi flute fashioned from?
410,How does a flute player change the pitch of the sound?
411,How does a flute player change the pitch of the sound?
412,What is the most basic form of the flute?
413,What is the most basic form of the flute?
414,Has the dragon historically served as China's national emblem?
415,Has the dragon historically served as China's national emblem?
416,Do pandas hibernate?
417,Do pandas hibernate?
418,Do giant pandas attack humans?
419,Do giant pandas attack humans?
420,What family is the panda a part of?
421,What family is the panda a part of?
422,How long does it take for the panda cubs skin to turn gray?
423,How long does it take for the panda cubs skin to turn gray?
424,How many different names did Chinese writings give to the panda?
425,How many different names did Chinese writings give to the panda?
426,What foods do pandas eat?
427,What are the two subspecies of giant pandas?
428,What is panda diplomacy?
429,What is panda diplomacy?
430,Is the Giant Panda a mammal?
431,Is the Giant Panda a mammal?
432,Is the Giant Panda a terrestrial animal?
433,Is the Giant Panda a terrestrial animal?
434,Is the Giant Panda an endangered species?
435,Is the Giant Panda an endangered species?
436,Where do Giant Pandas live?
437,When was the Giant Panda's genome sequenced?
438,When was the Giant Panda's genome sequenced?
439,How many subspecies of the Giant Panda are there?
440,How many subspecies of the Giant Panda are there?
441,Is the Giant Panda a carnivore?
442,Why is the Giant Panda an endangered species?
443,Why is the Giant Panda an endangered species?
444,Is the population of wild Giant  Pandas growing?
445,Is an acoustic guitar dependent on an external device?
446,Is an acoustic guitar dependent on an external device?
447,Is the battente smaller than a classical guitar?
448,Is the battente smaller than a classical guitar?
449,Is the flamenco guitar similar to the classical guitar?
450,Is the flamenco guitar similar to the classical guitar?
451,Where is the headstock located?
452,Where is the headstock located?
453,Whom are guitars made and repaired by?
454,Whom are guitars made and repaired by?
455,Why are Harp Guitars difficult to classify?
456,Why are Harp Guitars difficult to classify?
457,What is the bridge used for?
458,What is the bridge used for?
459,Which guitars use three single-coil pickups?
460,Which guitars use three single-coil pickups?
461,Is a guitar an instrument?
462,Is a guitar an instrument?
463,Can guitars be divided into two broad categories?
464,Can guitars be divided into two broad categories?
465,Do picks come in many shapes and sizes?
466,Do picks come in many shapes and sizes?
467,How many strings does a guitar typically have?
468,How many strings does a guitar typically have?
469,What is located at the end of the guitar neck furthest from the body?
470,What is located at the end of the guitar neck furthest from the body?
471,What are most electric guitar bodies made of?
472,What are most electric guitar bodies made of?
473,Why do some people believe that left-handed people should learn to play guitars as right-handed people do?
474,Why do some people believe that left-handed people should learn to play guitars as right-handed people do?
475,What is the point called that is bolted or glued to the body of the guitar?
476,What is the point called that is bolted or glued to the body of the guitar?
477,Did Becquerel study science at the �cole des Ponts et Chauss�es?
478,Did he become chief engineer in the Department of Bridges and Highways in 1892?
479,Did he become chief engineer in the Department of Bridges and Highways in 1892?
480,Was Becquerel a French physicist?
481,Was Becquerel a French physicist?
482,Whom did he share the Nobel Prize with?
483,Whom did he share the Nobel Prize with?
484,When did he die?
485,When did he die?
486,What is the SI unit for radioactivity called?
487,What is the SI unit for radioactivity called?
488,Where are there craters named Becquerel?
489,Where are there craters named Becquerel?
490,Why did Bequerel win the Nobel Prize in Physics?
491,Why did Bequerel win the Nobel Prize in Physics?
492,Was Isaac Newton British?
493,Was Isaac Newton religious?
494,Did Isaac Newton die in 1898?
495,Where was Isaac Newton born?
496,Who shares credit with Isaac Newton for developing calculus?
497,Who shares credit with Isaac Newton for developing calculus?
498,When did Isaac Newton discover the generalized binomial theorem?
499,When did Isaac Newton discover the generalized binomial theorem?
500,Did the Occult influence Newton's theory of gravitation?
501,Were Newton's religious views consistent with Anglicanism?
502,Which fruit inspired Isaac Newton's theory of gravitation?
503,Which fruit inspired Isaac Newton's theory of gravitation?
504,Was Sir Isaac Newton an English physicist and mathematician?
505,Was Sir Isaac Newton an English physicist and mathematician?
506,Did he build the first practical reflecting telescope?
507,Where was Isaac Newton born?
508,Where was Isaac Newton born?
509,When was the Principia published?
510,When was the Principia published?
511,Where is there a Newton statue on display?
512,Where is there a Newton statue on display?
513,Where was Isaac Newton buried?
514,Where was Isaac Newton buried?
515,What religion did Isaac Newton follow?
516,What religion did Isaac Newton follow?
517,What food gave Isaac Newton clues to his theory of gravity?
518,What food gave Isaac Newton clues to his theory of gravity?
519,Who was a farmer and later a land surveyor for the government?
520,When were his papers donated by Lee Krasner?
521,Did Free Jazz feature a Pollock painting as its cover artwork?
522,Give an example of the origins of the term action painting. 
523,Is the Wisma building the tallest building in Indonesia?
524,is there a chinese community in jakarta?
525,is there a chinese community in jakarta?
526,Is Jakarta the 12th largest city in the world?
527,Is Jakarta the 12th largest city in the world?
528,What is the capital of Indonesia?
529,What is the capital of Indonesia?
530,What is the official name of Jakarta?
531,What is the official name of Jakarta?
532,How is the climate in the city?
533,How is the climate in the city?
534,Where does the name of the city Jakarta come from?
535,How is the city's governor chosen?
536,How is the city's governor chosen?
537,Why does Jakarta suffer frequent flooding?
538,Is the the biggest university in Jakarta the University of Indonesia
539,Is Jakarta a city
540,Is Jakarta a city
541,Is the most important river the Ciliwung River
542,Is the most important river the Ciliwung River
543,Where is Jakarta located
544,Where is Jakarta located
545,Who created Monas Park
546,Who created Monas Park
547,Do mikrolets travel on the main roads?
548,Do mikrolets travel on the main roads?
549,Did the economy improve in Jakarta in 2007
550,Did the economy improve in Jakarta in 2007
551,Who began control of migration to the city in order to stem the overcrowding and poverty?
552,Did Jayawikarta's soldiers attack the Dutch fortress?
553,Did Suharto resign as president?
554,Was the Jakarta area part of the fourth century Indianized kingdom of Tarumanagara?
555,Do other landmarks include the Istiqlal Mosque as well as Jakarta Cathedral?
556,Give an example of the many Sukarno era monuments in the city. 
557,Is James Watt French?
558,Did James Watt improve an engine?
559,Is there a statue of Watt in the White House?
560,When did Watt retire?
561,When did Watt retire?
562,Where is the James Watt Memorial College?
563,Where is the James Watt Memorial College?
564,Why is the watt named after Watt?
565,Why is the watt named after Watt?
566,Where did Watt attend university?
567,Where did Watt attend university?
568,Was James Watt a member of the Lunar Society?
569,Was James Watt a member of the Lunar Society?
570,Did James Watt marry his cousin?
571,Did James Watt marry his cousin?
572,Was Watt married to Agnes Muirhead?
573,Was Watt married to Agnes Muirhead?
574,How old was James Watt when his mother died?
575,How old was James Watt when his mother died?
576,In what year did Watt retire?
577,In what year did Watt retire?
578,Where was Watt buried?
579,Where was Watt buried?
580,When did Watt S10_set up his workshop at the University of Glasgow?
581,When did Watt S10_set up his workshop at the University of Glasgow?
582,Why did the Glasgow Guild of Hammermen reject Watt's application to become a mathematical instrument maker?
583,Why did the Glasgow Guild of Hammermen reject Watt's application to become a mathematical instrument maker?
584,How old was Watt when he died?
585,How old was Watt when he died?
586,What happened in the early 20th century?
587,Do Koalas have a slow metabolism?
588,Does the koala fill the same ecological role as the sloth of South America?
589,Is the long term viability of the koala therefore threatened by genetic weakness?
590,Do populations also extend for considerable distances inland in regions with enough moisture to support suitable woodlands?
591,Is Korean the official language of Korea?
592,Is Korean the official language of Korea?
593,"Is the word ""Korean"" derived from Goryeo?"
594,"Is the word ""Korean"" derived from Goryeo?"
595,Are all dialects of Korean similar to each other?
596,Are all dialects of Korean similar to each other?
597,About how many Koreans speakers are there?
598,About how many Koreans speakers are there?
599,What is the official language of North Korea?
600,What is the official language of North Korea?
601,Why may English translation of Koreans adjectives misleadingly suggest that they are verbs?
602,Why may English translation of Koreans adjectives misleadingly suggest that they are verbs?
603,Where do the majority of loanwords other than Sino-Korean come from?
604,How many Korean speakers are there?
605,How many Korean speakers are there?
606,How many parts of speech does the Korean language contain?
607,How many parts of speech does the Korean language contain?
608,How many verb paradigms are there in Korean?
609,How many verb paradigms are there in Korean?
610,What is the Sino-Korean system of numbers based on?
611,What is the Sino-Korean system of numbers based on?
612,What is another term for Korean adjectives?
613,What is another term for Korean adjectives?
614,Is modern Korean written in columns or rows?
615,Is modern Korean written in columns or rows?
616,What percentage of the Korean language does Jeong Jae-do estimate to be Sino-Korean?
617,What percentage of the Korean language does Jeong Jae-do estimate to be Sino-Korean?
618,Do Chinese and Japanese have spaces between words?
619,From which languages is Korean descended?
620,Are there seven verb paradigms or speech levels in Korean?
621,Is Modern Korean written with spaces between words?
622,Are the Korean names for the language based on the names for Korea used in North as well as South Korea?
623,Is it not also one of the two official languages of the Yanbian Korean Autonomous Prefecture in China?
624,Is the dialect spoken in Jeju located in fact classified as a different language by all Korean linguists?
625,Is it also one of the two official languages in the Yanbian Korean Autonomous Prefecture in China?
626,Is Kuala Lumpur the capitol of Malaysia? disfluent
627,Is Kuala Lumpur the capitol of Malaysia? disfluent
628,Is Kuala Lumpur in the Selangor state?
629,Is Kuala Lumpur in the Selangor state?
630,What's the population of Kuala lumpur?
631,What's the population of Kuala lumpur?
632,What language do they speak in Kuala Lumpur?
633,What language do they speak in Kuala Lumpur?
634,"What does the name ""Kuala Lumpur"" mean?"
635,What airports does Kuala Lumpur have?
636,What airports does Kuala Lumpur have?
637,How long was Kuala Lumpur occupied by the Japanese?
638,How long was Kuala Lumpur occupied by the Japanese?
639,How many seasons does Kuala Lumpur experience?
640,How many seasons does Kuala Lumpur experience?
641,When were the colonial buildings in Kuala Lumpur constructed?
642,When were the colonial buildings in Kuala Lumpur constructed?
643,Is it a host city for the Formula One World Championship?
644,Is it a host city for the Formula One World Championship?
645,is the central market located in the proximity of the pertama complex?
646,is the central market located in the proximity of the pertama complex?
647,is it home to the parliament of malaysia?
648,is it home to the parliament of malaysia?
649,when did kuala lumpur become a federal territory of malaysia?
650,What is the city's population?
651,What is the city's population?
652,What is the official religion in the country?
653,What is the official religion in the country?
654,Is there a more industrialized region in malaysia?
655,Is there a more industrialized region in malaysia?
656,what is the name of the event that draws the worlds top riders to malaysia?
657,what is the name of the event that draws the worlds top riders to malaysia?
658,Wasn't Leonardo da Vinci valued as an engineer?
659,Who left Verroccio's studio?
660,When did he flee to Venice?
661,Is he widely considered to be one of the greatest painters of all time and perhaps the most diversely talented person ever to have lived?
662,Are lobsters invertebrates?
663,Are lobsters invertebrates?
664,Are lobsters kosher?
665,Are lobsters kosher?
666,Do lobsters have blue blood?
667,Do lobsters have blue blood?
668,How many legs do lobsters have?
669,How many legs do lobsters have?
670,Where are lobsters found?
671,Where are lobsters found?
672,What is the mean level of mercury in American lobsters?
673,What is the mean level of mercury in American lobsters?
674,Do lobsters feel pain?
675,Do lobsters feel pain?
676,Did the Moche people worship lobsters?
677,Did the Moche people worship lobsters?
678,What is the caridoid escape reaction?
679,What is the caridoid escape reaction?
680,Were the recitations of the Ancient Greeks accompanied by lyre playing?
681,Were the recitations of the Ancient Greeks accompanied by lyre playing?
682,Does a classical lyre have a hollow body?
683,Does a classical lyre have a hollow body?
684,Is the lyre a stringed musical instrument?
685,Is the lyre a stringed musical instrument?
686,Which constellation is said to resemble a lyre shape?
687,Which constellation is said to resemble a lyre shape?
688,How many raised arms are extending from the sound-chest of a classical lyre?
689,How many raised arms are extending from the sound-chest of a classical lyre?
690,What were the strings of a classical lyre made of?
691,What were the strings of a classical lyre made of?
692,Is the foot pedal framework for a piano called a lyre?
693,Is the foot pedal framework for a piano called a lyre?
694,Where was the deepest note of the classical lyre in relation to the player's body?
695,Where was the deepest note of the classical lyre in relation to the player's body?
696,Does a standard piano have fewer strings than a harp?
697,Does a standard piano have fewer strings than a harp?
698,Is Malay the official language of Iraq?
699,Could Malay have originated from Sumatra island?
700,Is Malay an agglutinative language?
701,Is Malay an agglutinative language?
702,What family is Malay a member of?
703,What family is Malay a member of?
704,What is the basic word order in Malay?
705,What is the basic word order in Malay?
706,Are there many words in Malay that use natural gender?
707,How are new words formed in Malay?
708,Is Malay in the Austronesian family of languages?
709,Is Malay in the Austronesian family of languages?
710,Is Malay an agglutinative language?
711,Is Malay an agglutinative language?
712,Is there one negation word in Malay?
713,Is there one negation word in Malay?
714,How many parts of speech are there in Malay?
715,How many parts of speech are there in Malay?
716,What is the basic word order in Malay?
717,What is the basic word order in Malay?
718,What is the national language in Malaysia?
719,What is the national language in Malaysia?
720,Do linguists consider Malay to be a single language?
721,Do linguists consider Malay to be a single language?
722,Can speakers of modern Malay understand Old Malay?
723,Can speakers of modern Malay understand Old Malay?
724,What language besides Malay is in the Austronesia language family?
725,What language besides Malay is in the Austronesia language family?
726,Wasn't Malay language found in Sumatra?
727,Wasn't Malay language written using Pallava?
728,Was Malay language written using Pallava?
729,Had the language already been used as the lingua franca throughout the archipelago since the 15th century?
730,Do another distinguishing feature of Malay ( include Indonesian Malay )?
731,Is Malay spoken as local dialect of ethnic Malays?
732,Give an example of the tributary states of the Majapahit kingdom in eastern Java. 
733,Is Malay the one of the most widely spoken languages in the world?
734,Was it derived from Latin?
735,Is Melbourne the capital and most populous city in the state of Victoria?
736,Is Melbourne the capital and most populous city in the state of Victoria?
737,Is Melbourne home to Australia's busiest seaport?
738,Is Melbourne home to Australia's busiest seaport?
739,Does Melbourne have a large international student community?
740,Does Melbourne have a large international student community?
741,What is a resident of Melbourne known as?
742,What is a resident of Melbourne known as?
743,When was Melbourne officially declared as a city?
744,When was Melbourne officially declared as a city?
745,How many sister cities does the City of Melbourne have?
746,How many sister cities does the City of Melbourne have?
747,Where is Melbourne situated?
748,How many domestic tourists visit Melbourne?
749,How many domestic tourists visit Melbourne?
750,What religion holds majority in Melbourne?
751,What religion holds majority in Melbourne?
752,Did Albert Einstein keep a photograph of Faraday on his study wall?
753,Did Faraday marry Sarah Barnard?
754,Did Faraday also discover the laws of electrolysis?
755,Who discovered benzene?
756,Who discovered benzene?
757,Where was Michael Faraday born?
758,Where was Michael Faraday born?
759,What is the Faraday effect?
760,What is the Faraday effect?
761,Did Faraday discover diamagnetism?
762,How many siblings did Faraday have?
763,How many siblings did Faraday have?
764,Where is Michael Faraday buried?
765,Where is Michael Faraday buried?
766,Is faraday best known for his work with kinematics?
767,Is faraday best known for his work with kinematics?
768,was he active in the area now called environmental science?
769,was he active in the area now called environmental science?
770,did he discover benzene?
771,did he discover benzene?
772,who was his mentor?
773,who was his mentor?
774,what happened in 1824?
775,Who was Faraday's wife?
776,Who was Faraday's wife?
777,did he advise the british government on the production of chemical weapons for use in the crimean war?
778,did he advise the british government on the production of chemical weapons for use in the crimean war?
779,did faraday have strong maritime interests?
780,did faraday have strong maritime interests?
781,does the charge reside on the interior of a charged conductor?
782,does the charge reside on the interior of a charged conductor?
783,Wasn't Michelangelo abstemious?
784,Wasn't Michelangelo a homosexual?
785,When did Filippo Strozzi sell it to Francis I?
786,When was his house demolished?
787,Was Michelangelos mother Francesca di Neri del Miniato di Siena?
788,Was Michelangelo's output in every field during his long life prodigious?
789,Is French the least spoken language in Montreal?
790,Is French the least spoken language in Montreal?
791,Was Montreal incorporated as a city in 1832?
792,Was Montreal incorporated as a city in 1832?
793,Does Montreal lie at the confluence of several climatic regions?
794,Does Montreal lie at the confluence of several climatic regions?
795,Montreal was merged with how many surrounding municipalities?
796,Montreal was merged with how many surrounding municipalities?
797,Why did Montreal lose its status as the capital of the  Province of Canada in 1849?
798,Why did Montreal lose its status as the capital of the  Province of Canada in 1849?
799,What are the designs and decorations of the Montreal Metro System said to be?
800,What are the designs and decorations of the Montreal Metro System said to be?
801,Mount Royal Park's wooden design was created by what famous designer?
802,Mount Royal Park's wooden design was created by what famous designer?
803,The majority of The Greater Montreal Area follows what religion?
804,The majority of The Greater Montreal Area follows what religion?
805,Is English the language most often spoken in Montreal?
806,How many international airports does Montreal have?
807,How many international airports does Montreal have?
808,Who is the Mayor of Montreal?
809,Who is the Mayor of Montreal?
810,What is the name of the largest church in Montreal?
811,What is the name of the largest church in Montreal?
812,Where was much of Montreal's industry during the late 19th and early-to-mid 20th century?
813,Where was much of Montreal's industry during the late 19th and early-to-mid 20th century?
814,Does Montreal contain the largest church in Canada?
815,What is the largest primarily French-speaking city in the western world?
816,What is the largest primarily French-speaking city in the western world?
817,Is Nairobi the capital of Kenya?
818,Is Nairobi the capital of Kenya?
819,Was Nairobi founded in 1899?
820,Was Nairobi founded in 1899?
821,Is the current estimated population of Nairobi about 6 milion?
822,Is the current estimated population of Nairobi about 6 milion?
823,What is the current estimated population of Nairobi?
824,What is the current estimated population of Nairobi?
825,In what year was Nairobi founded?
826,In what year was Nairobi founded?
827,Which embassy in Nairobi was bombed in August 1998?
828,Which embassy in Nairobi was bombed in August 1998?
829,How many civilians died in the 1998 U.S. embassy bombing?
830,How many civilians died in the 1998 U.S. embassy bombing?
831,How many trades can the NSE make per day?
832,How many trades can the NSE make per day?
833,About how many people are estimated to live in Nairobi?
834,About how many people are estimated to live in Nairobi?
835,The district is bordered to the southwest by Uhuru Park and where?
836,When did the Catholic University of Eastern Africa which obtain its Letter of Interim Authority?
837,Is Central Park adjacent to Uhuru Park?
838,Give an example of the most prominent cities in Africa politically and financially. 
839,Is Nairobi not the capital as well as largest city of Kenya?
840,Does the city and its surrounding area also form the Nairobi Province?
841,Did Nikola Tesla die alone?
842,Did Nikola Tesla die alone?
843,Was Nikola Tesla close friends with Mark Twain?
844,Was Nikola Tesla close friends with Mark Twain?
845,Did Nikola Tesla use a technique called picture thinking?
846,Did Nikola Tesla use a technique called picture thinking?
847,When did Nikola Tesla appear on the cover of Time Magazine?
848,Who became adversaries with Nikola Tesla?
849,Who became adversaries with Nikola Tesla?
850,Where did Nikola Tesla move to in 1880?
851,Was Nikola Tesla's mother illiterate?
852,Was Nikola Tesla's mother illiterate?
853,How many siblings did Nikola Tesla have?
854,How many siblings did Nikola Tesla have?
855,Was Nikola Tesla a vegetarian?
856,Was Nikola Tesla a vegetarian?
857,Was Tesla an American citizen?
858,Was Tesla an American citizen?
859,Was Tesla on the cover of Time magazine?
860,Was Tesla on the cover of Time magazine?
861,Where did Tesla study electrical engineering?
862,Where did Tesla study electrical engineering?
863,When did Tesla receive his last patent?
864,When did Tesla receive his last patent?
865,What languages did Tesla speak?
866,Did Tesla win the Nobel Prize?
867,Did Tesla win the Nobel Prize?
868,Was Tesla rich at the time of his death?
869,Was Tesla rich at the time of his death?
870,What music group was named after Tesla?
871,What music group was named after Tesla?
872,Who spent the next 10 years painting for Look magazine?
873,When was his last painting for the Post published?
874,Did Norman Rockwell spend the winter months as artist-in-residence at Otis College of Art as well as Design?
875,Did Norman Rockwell publish a total of 321 original covers for The Saturday Evening Post over 47 years?
876,Was Rockwell also commissioned to illustrate over 40 books including Tom Sawyer as well as Huckleberry Finn?
877,Is he also noted for his work for the Boy Scouts of America (BSA)?
878,Where is the mouth of an octopus?
879,Where is the mouth of an octopus?
880,Around how many recognized octopus species are there?
881,Around how many recognized octopus species are there?
882,How many arms does an octopus have?
883,How many arms does an octopus have?
884,What is the range of lifespans of the octopus?
885,What is the range of lifespans of the octopus?
886,What is an example of something an octopus learned in a research experiment?
887,Are Octopus highly intelligent?
888,Do males use a specialized arm called a hectocotylus to insert spermatophores?
889,Is octopus a common food in Mediterranean cuisine as well as Portuguese cuisine?
890,Is the collective form octopus usually reserved for animals consumed for food?
891,What happened in 1838?
892,When did Picasso make his first trip to Paris?
893,Give an example of the most comprehensive records extant of any major artists beginnings. 
894,Is in the 1996 movie Surviving Picasso Picasso played by actor Anthony Hopkins?
895,Is the U.S. copyright representative for the Picasso Administration the Artists Rights Society?
896,Is he one of the most recognized figures in 20th-century art?
897,Is he best known for co-founding the Cubist movement and for the wide variety of styles embodied in his work?
898,Are pianos used in Western music?
899,Are pianos used in Western music?
900,"Are ""upright pianos"" called ""vertical pianos""?"
901,"Are ""upright pianos"" called ""vertical pianos""?"
902,Did Bartolomeo Cristofori invent the modern piano?
903,Did Bartolomeo Cristofori invent the modern piano?
904,What is the middle pedal called on grand pianos?
905,What is the middle pedal called on grand pianos?
906,How many black keys do modern pianos have?
907,How many black keys do modern pianos have?
908,What is the sustain pedal called?
909,What is the sustain pedal called?
910,Where is Irving Berlin's piano located?
911,Where is Irving Berlin's piano located?
912,What kind of piano did Irving Berlin play?
913,What kind of piano did Irving Berlin play?
914,Is the left-most pedal on a grand piano called the una corda?
915,Is it advantageous for a grand piano's metal plate to be quite massive?
916,Is it advantageous for a grand piano's metal plate to be quite massive?
917,Is the mechanism in an upright piano perpendicular to its keys?
918,Is the mechanism in an upright piano perpendicular to its keys?
919,About how tall is a typical studio piano?
920,About how tall is a typical studio piano?
921,What are a piano's keys generally made of?
922,What are a piano's keys generally made of?
923,How many total keys does a typical modern piano have?
924,How many total keys does a typical modern piano have?
925,Why are upright pianos more compact?
926,Why are upright pianos more compact?
927,Do older pianos have more keys than modern pianos?
928,Do older pianos have more keys than modern pianos?
929,Is one of the best known Impressionist works Renoirs 1876 Dance at Le Moulin de la Galette?
930,Was Pierre-Auguste Renoir born in Limoges Haute-Vienne France the child of a working class family?
931,Have two of Renoirs paintings sold for more than US0 million?
932,Is Portuguese an official language of Andorra?
933,Does the Portuguese language have its roots in the Latin language?
934,Does Portuguese contain words from the Arabic language?
935,Where are there small Portuguese-speaking communities?
936,Where are there small Portuguese-speaking communities?
937,What are the two main groups of Portuguese dialects?
938,What are the two main groups of Portuguese dialects?
939,What event marked the end of the Old Portuguese period?
940,What event marked the end of the Old Portuguese period?
941,Which government established Portuguese as it's third official language in order to meet the requirements to apply for full membership in the CPLP?
942,Which government established Portuguese as it's third official language in order to meet the requirements to apply for full membership in the CPLP?
943,In which country is Portuguese the co-official language with Cantonese Chinese?
944,In which country is Portuguese the co-official language with Cantonese Chinese?
945,Wasn't Portuguese language spread by arriving Roman soldiers?
946,Is Portuguese an official language of several international organizations?
947,Was it used as the exclusive lingua franca on the island of Sri Lanka for almost 350 years?
948,Is the city named after the apostle Saint Peter?
949,Is the city named after the apostle Saint Peter?
950,Has the terrain in the city been artificially raised?
951,Has the terrain in the city been artificially raised?
952,What were some other names of the city?
953,What festival features fireworks  celebrating the end of the school year?
954,What festival features fireworks  celebrating the end of the school year?
955,Where do most people in urban Saint Petersburg live?
956,Where do most people in urban Saint Petersburg live?
957,What was made in Russia's largest foundry?
958,What was made in Russia's largest foundry?
959,When did the crime level become higher?
960,How to travel to work from the city to Moscow?
961,How to travel to work from the city to Moscow?
962,Who laid down the Peter and Paul Fortress?
963,When was the 7th symphony premiered?
964,Give an example of the best known symphony orchestras in the world under the leadership of conductors Yevgeny Mravinsky and Yuri Temirkanov. 
965,Is it often called just Petersburg (-RRB- and is informally known as Piter (-RRB-?
966,Is the standard of living in San Franciscio high?
967,Does San Francisco have a high percentage of gay and lesbian individuals?
968,Is San Franscico a popular tourist destination?
969,Is San Franscico a popular tourist destination?
970,How many state parks are in San Francisco?
971,How many state parks are in San Francisco?
972,Where is San Francisco?
973,Where is San Francisco?
974,What is the cause of local earthquakes?
975,What is the cause of local earthquakes?
976,Are more residents employed by small businesses than in 1977?
977,How does poverty in San Francisco compare to the nation-wide average?
978,Was Mission Bay campus opened in 2003
979,Was Mission Bay campus opened in 2003
980,Was the University of San Fransisco founded in 1855
981,Is Golden Gate Park the largest city park
982,Is Golden Gate Park the largest city park
983,What is Northern California's most widely circulated newspaper
984,What is Northern California's most widely circulated newspaper
985,What makes San Francisco among the top-ten North American destinations for conventions and conferences
986,What makes San Francisco among the top-ten North American destinations for conventions and conferences
987,Who manages Candlestick point
988,Who manages Candlestick point
989,Is Crissy field an airfield
990,Does the de Young museum house the Asian Art Museum
991,Does the de Young museum house the Asian Art Museum
992,What prompted the city to upgrade its building codes
993,What prompted the city to upgrade its building codes
994,Who laid out a street plan for the expanded S10_settlement?
995,When was a 43-acre Mission Bay campus opened?
996,When did it sign on the air?
997,Give an example of the largest two-year community colleges in the country. 
998,Give an example of the ten Beta World Cities. 
999,Is Swahili a Bantu language?
1000,Did Uganda make Swahili a required subject in primary schools?
1001,What is the Swahili word for the Swahili language?
1002,What is the Swahili word for the Swahili language?
1003,Is Swahili spoken in Mozambique?
1004,How does Swahili time run?
1005,How does Swahili time run?
1006,How many noun classes does Swahili have?
1007,How many noun classes does Swahili have?
1008,In what year did Germany seize Tanganyika?
1009,In what year did Germany seize Tanganyika?
1010,Which is the sub-Saharan indigenous language with the greatest number of speakers?
1011,Which is the sub-Saharan indigenous language with the greatest number of speakers?
1012,Is Swedish a descendant of Old Norse?
1013,Is Swedish a descendant of Old Norse?
1014,Does Swedish use the perfect participle to form the present perfect tense?
1015,Does Swedish use the perfect participle to form the present perfect tense?
1016,How many letters are in the basic Latin alphabet?
1017,How many letters are in the basic Latin alphabet?
1018,When did a standard and common language become available to all Swedes?
1019,When did the Soviet military forces occupy Estonia?
1020,When did the Soviet military forces occupy Estonia?
1021,How does Swedish language counterbalance the absence of cases?
1022,Is Taipei in a valley?
1023,Is Taipei in a valley?
1024,Was Taipei founded in the 18th century?
1025,Was Taipei founded in the 18th century?
1026,Is the National Palace Museum in Taipei?
1027,Is the National Palace Museum in Taipei?
1028,What is along the city's western border?
1029,What is along the city's western border?
1030,What is Taipei 101?
1031,What is Taipei 101?
1032,When is the Pacific typhoon season?
1033,When is the Pacific typhoon season?
1034,Who S10_sets up shrines?
1035,Who S10_sets up shrines?
1036,What does Taipei produce?
1037,Is the trumpet the musical instrument with the highest register in the brass family?
1038,Is the trumpet the musical instrument with the highest register in the brass family?
1039,Is a trumpet played by blowing air through closed lips?
1040,Is a trumpet played by blowing air through closed lips?
1041,Is the most common type of trumpet the B trumpet?
1042,Is the most common type of trumpet the B trumpet?
1043,What is the earliest date of the trumpet?
1044,What is the earliest date of the trumpet?
1045,What is a trumpet constructed of?
1046,What is a trumpet constructed of?
1047,What are the smallest trumpets referred to as?
1048,What are the smallest trumpets referred to as?
1049,Why does the cornet have a slightly mellower tone than the trumpet?
1050,Why does the cornet have a slightly mellower tone than the trumpet?
1051,What makes a trumpet fully chromatic?
1052,Were trumpet players heavily guarded?
1053,Were trumpet players heavily guarded?
1054,Are pocket trumpets compact B trumpets?
1055,Are pocket trumpets compact B trumpets?
1056,Was Dizzy Gillespie a famous trumpeter in 1998?
1057,What shape is a trumpet bent into?
1058,What shape is a trumpet bent into?
1059,What trumpet was the first to be allowed in the Christian Church?
1060,What trumpet was the first to be allowed in the Christian Church?
1061,The trumpet can be confused with what close relative?
1062,The trumpet can be confused with what close relative?
1063,What can be augmented with a fourth valve?
1064,What can be augmented with a fourth valve?
1065,What was Maynard Ferguson noted for being able to play accurately?
1066,What was Maynard Ferguson noted for being able to play accurately?
1067,What was built to play in both B and A keys?
1068,What was built to play in both B and A keys?
1069,What happened in 1894?
1070,What happened in nineteen fifty seven?
1071,Is the Breeze Eazy' ' method sometimes used to teach younger students?
1072,Do many players use a smaller mouthpiece on the piccolo trumpet?
1073,Is the trumpet constructed of brass tubing bent twice into an oblong shape?
1074,Give an example of the most influential musicians of the 20th century. 
1075,Were Slide trumpets the first trumpets allowed in the Christian church?
1076,Are there several types of trumpet?
1077,Was the Ottoman script replaced with a variant of the Latin alphabet?
1078,Was the Ottoman script replaced with a variant of the Latin alphabet?
1079,Is there a definite article in Turkish language?
1080,Is there a definite article in Turkish language?
1081,Is it possible to alter the word order to stress the importance of a certain phrase?
1082,Is it possible to alter the word order to stress the importance of a certain phrase?
1083,What is the official language of Turkey?
1084,What is the official language of Turkey?
1085,When was the Turkish Language Association founded?
1086,When was the Turkish Language Association founded?
1087,Who were the Orkhon inscriptions built for?
1088,Who were the Orkhon inscriptions built for?
1089,What was one of the results of the introduction of the new Turkish alphabet?
1090,What was one of the results of the introduction of the new Turkish alphabet?
1091,"Why does Lewis use ""absolute case"" instead of ""nominative""?"
1092,"Why does Lewis use ""absolute case"" instead of ""nominative""?"
1093,How many people speak Turkish worldwide?
1094,How many people speak Turkish worldwide?
1095,Is the spelling of Turkish phonetic?
1096,What percentage of the words in Turkish vocabulary have Turkish origins?
1097,What percentage of the words in Turkish vocabulary have Turkish origins?
1098,After what event was the Turkish Language Association established?
1099,What exception to the rules of vowel harmony do compound words have?
1100,Who is working to coin new Turkish word?
1101,What are the patterns of vowel harmony?
1102,What are the patterns of vowel harmony?
1103,What are the ways to join groups of nouns?
1104,Does Vietnamese have a comparatively large number of vowels?
1105,Is Vietnamese the mother tongue of the Vietnamese people?
1106,Is Vietnamese the mother tongue of the Vietnamese people?
1107,Is Vietnamese the official administrative language of Vietnam?
1108,Is Vietnamese the official administrative language of Vietnam?
1109,Was Vietnamese influenced by Chinese?
1110,Was Vietnamese influenced by Chinese?
1111,When did written Vietnamese become the official administrative language?
1112,When did written Vietnamese become the official administrative language?
1113,Have consonant clusters been lost?
1114,Have consonant clusters been lost?
1115,Is the Red River Delta traditionally poor?
1116,What kind of words have been borrowed from Chinese?
1117,What kind of words have been borrowed from Chinese?
1118,Is Vietnam independent from France?
1119,Was Vietnamese formally written using the Chinese writing system?
1120,Does Vietnamese have a large number of vowels?
1121,Does Vietnamese have dipthongs?
1122,What are the three dialect regions of Vietnamese?
1123,When was the reunification of Vietnam?
1124,When was the reunification of Vietnam?
1125,How many tones do Northern varieties have?
1126,How many tones do Northern varieties have?
1127,Does Vietnamese borrow from Latin and Greek?
1128,Did Vietnamese come to predominate politically in 2nd century BC?
1129,Do more northern speakers speak the southern regional dialect than southern speakers speak the northern dialect?
1130,Do more northern speakers speak the southern regional dialect than southern speakers speak the northern dialect?
1131,What happened in 1860?
1132,Who frequented the circle of the British-Australian artist John Peter Russell?
1133,Were the letters first annotated in 1913 by Theos widow Johanna van Gogh-Bonger?
1134,Was Kee seven years older than Van Gogh as well as had an eight-year-old son?
1135,Does a violin have four strings?
1136,Does a violin have four strings?
1137,Is the violin supported by the left shoulder?
1138,Is the violin supported by the left shoulder?
1139,Is the violin shaped like an hourglass?
1140,Is the violin shaped like an hourglass?
1141,What were strings first made out of?
1142,What were strings first made out of?
1143,What is a violin called informally?
1144,What is a violin called informally?
1145,What does vitula mean?
1146,What does vitula mean?
1147,What is a person that makes or repairs violins called?
1148,"What does the ""voice"" of a violin depend upon?"
1149,"What does the ""voice"" of a violin depend upon?"
1150,Is the violin a percussion instrument?
1151,What happened in 1980s?
1152,Who features violinist Boyd Tinsley?
1153,When did Charles IX order Amati to construct 24 violins for him?
1154,Is a string first tuned to a standard pitch?
1155,Is each node at an integer division of the string?
1156,Is the tuning G-D-A-E used for most violin music?
1157,Are concert xylophonese typically 3 1/2 or 4 octaves?
1158,Are concert xylophonese typically 3 1/2 or 4 octaves?
1159,Is folk music associated with western Europe?
1160,Is folk music associated with western Europe?
1161,Were xylophonists featured in the theatre in the 20th century?
1162,Were xylophonists featured in the theatre in the 20th century?
1163,What year were the first xylophone artifacts found?
1164,What year were the first xylophone artifacts found?
1165,The modern western-style xylophone has bars made of what material?
1166,The modern western-style xylophone has bars made of what material?
1167,The xylophone has been known in what country since the Middle Ages?
1168,The xylophone has been known in what country since the Middle Ages?
1169,What instrument was produced after the xylophone in the 1920s?
1170,What instrument was produced after the xylophone in the 1920s?
1171,The word xylophone is derived from two greek words: xylon and phone. What do these words mean?
1172,The word xylophone is derived from two greek words: xylon and phone. What do these words mean?
1173,Is the xylophone a musical instrument?
1174,Is the xylophone a musical instrument?
1175,Was the xylophone associated with the folk music of the United States by the 19th century?
1176,Was the xylophone associated with the folk music of the United States by the 19th century?
1177,Was it likely that the xylophone reached Europe during the Crusades?
1178,Was it likely that the xylophone reached Europe during the Crusades?
1179,The xylophone is an instrument from what family?
1180,The xylophone is an instrument from what family?
1181,How do the Java and Bali use xylophones?
1182,Some versions of xylophones have resonators made of what?
1183,Some versions of xylophones have resonators made of what?
1184,Did the golden age of xylophones come before or after the first usage of the European-derived orchestral?
1185,Did the golden age of xylophones come before or after the first usage of the European-derived orchestral?
1186,Does kelon increase or decrease tone quality of the xylophone?
1187,Does kelon increase or decrease tone quality of the xylophone?
1188,Do the different species of zebras interbreed?
1189,Do the different species of zebras interbreed?
1190,Do zebras sleep standing up?
1191,Do zebras sleep standing up?
1192,Have plains zebras been crossed with mountain zebras?
1193,Have plains zebras been crossed with mountain zebras?
1194,How many species of zebra are there?
1195,How many species of zebra are there?
1196,What do zebras eat?
1197,What are zebras hunted for?
1198,What are zebras hunted for?
1199,What areas do the Grevy's Zebras inhabit?
1200,What areas do the Grevy's Zebras inhabit?
1201,Which species of zebra is known as the common zebra?
1202,At what age can a zebra breed?
1203,At what age can a zebra breed?
